sentence_id,word,word_pos_tag,parse_tree,HEPW,HBCW,LCA,DIST
0,a,DT,(ROOT (S (NP (DT A) (NNP Cape) (NNP Cod) (NN attorney)) (VP (VBZ is) (ADJP (JJ free) (PP (IN on) (NP (NN bail)))) (PP (IN after) (S (VP (VBG facing) (NP (NN drug) (NN conspiracy) (NNS charges)) (PP (IN in) (NP (JJ federal) (NN court))) (PP (IN in) (NP (NNP Boston))) (NP (NN today)))))) (. .))),NONE,NP,S,3.0
0,Cape,NP,(ROOT (S (NP (DT A) (NNP Cape) (NNP Cod) (NN attorney)) (VP (VBZ is) (ADJP (JJ free) (PP (IN on) (NP (NN bail)))) (PP (IN after) (S (VP (VBG facing) (NP (NN drug) (NN conspiracy) (NNS charges)) (PP (IN in) (NP (JJ federal) (NN court))) (PP (IN in) (NP (NNP Boston))) (NP (NN today)))))) (. .))),NONE,NONE,NP,2.0
0,Cod,NP,(ROOT (S (NP (DT A) (NNP Cape) (NNP Cod) (NN attorney)) (VP (VBZ is) (ADJP (JJ free) (PP (IN on) (NP (NN bail)))) (PP (IN after) (S (VP (VBG facing) (NP (NN drug) (NN conspiracy) (NNS charges)) (PP (IN in) (NP (JJ federal) (NN court))) (PP (IN in) (NP (NNP Boston))) (NP (NN today)))))) (. .))),NONE,NONE,NP,2.0
0,attorney,NN,(ROOT (S (NP (DT A) (NNP Cape) (NNP Cod) (NN attorney)) (VP (VBZ is) (ADJP (JJ free) (PP (IN on) (NP (NN bail)))) (PP (IN after) (S (VP (VBG facing) (NP (NN drug) (NN conspiracy) (NNS charges)) (PP (IN in) (NP (JJ federal) (NN court))) (PP (IN in) (NP (NNP Boston))) (NP (NN today)))))) (. .))),NONE,NONE,NP,2.0
0,is,VBZ,(ROOT (S (NP (DT A) (NNP Cape) (NNP Cod) (NN attorney)) (VP (VBZ is) (ADJP (JJ free) (PP (IN on) (NP (NN bail)))) (PP (IN after) (S (VP (VBG facing) (NP (NN drug) (NN conspiracy) (NNS charges)) (PP (IN in) (NP (JJ federal) (NN court))) (PP (IN in) (NP (NNP Boston))) (NP (NN today)))))) (. .))),NP,VP,S,4.0
0,free,JJ,(ROOT (S (NP (DT A) (NNP Cape) (NNP Cod) (NN attorney)) (VP (VBZ is) (ADJP (JJ free) (PP (IN on) (NP (NN bail)))) (PP (IN after) (S (VP (VBG facing) (NP (NN drug) (NN conspiracy) (NNS charges)) (PP (IN in) (NP (JJ federal) (NN court))) (PP (IN in) (NP (NNP Boston))) (NP (NN today)))))) (. .))),NONE,ADJP,VP,3.0
0,on,IN,(ROOT (S (NP (DT A) (NNP Cape) (NNP Cod) (NN attorney)) (VP (VBZ is) (ADJP (JJ free) (PP (IN on) (NP (NN bail)))) (PP (IN after) (S (VP (VBG facing) (NP (NN drug) (NN conspiracy) (NNS charges)) (PP (IN in) (NP (JJ federal) (NN court))) (PP (IN in) (NP (NNP Boston))) (NP (NN today)))))) (. .))),NONE,PP,ADJP,3.0
0,bail,NN,(ROOT (S (NP (DT A) (NNP Cape) (NNP Cod) (NN attorney)) (VP (VBZ is) (ADJP (JJ free) (PP (IN on) (NP (NN bail)))) (PP (IN after) (S (VP (VBG facing) (NP (NN drug) (NN conspiracy) (NNS charges)) (PP (IN in) (NP (JJ federal) (NN court))) (PP (IN in) (NP (NNP Boston))) (NP (NN today)))))) (. .))),NONE,NONE,PP,3.0
0,after,IN,(ROOT (S (NP (DT A) (NNP Cape) (NNP Cod) (NN attorney)) (VP (VBZ is) (ADJP (JJ free) (PP (IN on) (NP (NN bail)))) (PP (IN after) (S (VP (VBG facing) (NP (NN drug) (NN conspiracy) (NNS charges)) (PP (IN in) (NP (JJ federal) (NN court))) (PP (IN in) (NP (NNP Boston))) (NP (NN today)))))) (. .))),ADJP,PP,VP,6.0
0,facing,VBG,(ROOT (S (NP (DT A) (NNP Cape) (NNP Cod) (NN attorney)) (VP (VBZ is) (ADJP (JJ free) (PP (IN on) (NP (NN bail)))) (PP (IN after) (S (VP (VBG facing) (NP (NN drug) (NN conspiracy) (NNS charges)) (PP (IN in) (NP (JJ federal) (NN court))) (PP (IN in) (NP (NNP Boston))) (NP (NN today)))))) (. .))),NONE,VP,PP,4.0
0,drug,NN,(ROOT (S (NP (DT A) (NNP Cape) (NNP Cod) (NN attorney)) (VP (VBZ is) (ADJP (JJ free) (PP (IN on) (NP (NN bail)))) (PP (IN after) (S (VP (VBG facing) (NP (NN drug) (NN conspiracy) (NNS charges)) (PP (IN in) (NP (JJ federal) (NN court))) (PP (IN in) (NP (NNP Boston))) (NP (NN today)))))) (. .))),NONE,NP,VP,3.0
0,conspiracy,NN,(ROOT (S (NP (DT A) (NNP Cape) (NNP Cod) (NN attorney)) (VP (VBZ is) (ADJP (JJ free) (PP (IN on) (NP (NN bail)))) (PP (IN after) (S (VP (VBG facing) (NP (NN drug) (NN conspiracy) (NNS charges)) (PP (IN in) (NP (JJ federal) (NN court))) (PP (IN in) (NP (NNP Boston))) (NP (NN today)))))) (. .))),NONE,NONE,NP,2.0
0,charges,NNS,(ROOT (S (NP (DT A) (NNP Cape) (NNP Cod) (NN attorney)) (VP (VBZ is) (ADJP (JJ free) (PP (IN on) (NP (NN bail)))) (PP (IN after) (S (VP (VBG facing) (NP (NN drug) (NN conspiracy) (NNS charges)) (PP (IN in) (NP (JJ federal) (NN court))) (PP (IN in) (NP (NNP Boston))) (NP (NN today)))))) (. .))),NONE,NONE,NP,2.0
0,in,IN,(ROOT (S (NP (DT A) (NNP Cape) (NNP Cod) (NN attorney)) (VP (VBZ is) (ADJP (JJ free) (PP (IN on) (NP (NN bail)))) (PP (IN after) (S (VP (VBG facing) (NP (NN drug) (NN conspiracy) (NNS charges)) (PP (IN in) (NP (JJ federal) (NN court))) (PP (IN in) (NP (NNP Boston))) (NP (NN today)))))) (. .))),NP,PP,VP,4.0
0,federal,JJ,(ROOT (S (NP (DT A) (NNP Cape) (NNP Cod) (NN attorney)) (VP (VBZ is) (ADJP (JJ free) (PP (IN on) (NP (NN bail)))) (PP (IN after) (S (VP (VBG facing) (NP (NN drug) (NN conspiracy) (NNS charges)) (PP (IN in) (NP (JJ federal) (NN court))) (PP (IN in) (NP (NNP Boston))) (NP (NN today)))))) (. .))),NONE,NP,PP,3.0
0,court,NN,(ROOT (S (NP (DT A) (NNP Cape) (NNP Cod) (NN attorney)) (VP (VBZ is) (ADJP (JJ free) (PP (IN on) (NP (NN bail)))) (PP (IN after) (S (VP (VBG facing) (NP (NN drug) (NN conspiracy) (NNS charges)) (PP (IN in) (NP (JJ federal) (NN court))) (PP (IN in) (NP (NNP Boston))) (NP (NN today)))))) (. .))),NONE,NONE,NP,2.0
0,in,IN,(ROOT (S (NP (DT A) (NNP Cape) (NNP Cod) (NN attorney)) (VP (VBZ is) (ADJP (JJ free) (PP (IN on) (NP (NN bail)))) (PP (IN after) (S (VP (VBG facing) (NP (NN drug) (NN conspiracy) (NNS charges)) (PP (IN in) (NP (JJ federal) (NN court))) (PP (IN in) (NP (NNP Boston))) (NP (NN today)))))) (. .))),PP,PP,VP,5.0
0,Boston,NP,(ROOT (S (NP (DT A) (NNP Cape) (NNP Cod) (NN attorney)) (VP (VBZ is) (ADJP (JJ free) (PP (IN on) (NP (NN bail)))) (PP (IN after) (S (VP (VBG facing) (NP (NN drug) (NN conspiracy) (NNS charges)) (PP (IN in) (NP (JJ federal) (NN court))) (PP (IN in) (NP (NNP Boston))) (NP (NN today)))))) (. .))),NONE,NONE,PP,3.0
0,today,NN,(ROOT (S (NP (DT A) (NNP Cape) (NNP Cod) (NN attorney)) (VP (VBZ is) (ADJP (JJ free) (PP (IN on) (NP (NN bail)))) (PP (IN after) (S (VP (VBG facing) (NP (NN drug) (NN conspiracy) (NNS charges)) (PP (IN in) (NP (JJ federal) (NN court))) (PP (IN in) (NP (NNP Boston))) (NP (NN today)))))) (. .))),PP,NONE,VP,5.0
1,Barry,NP,(ROOT (S (NP (NP (NNP Barry) (NNP Cane)) (PP (IN of) (NP (NNP Hyannis)))) (VP (VBZ is) (VP (VBN accused) (PP (IN of) (S (VP (VBG trying) (S (VP (TO to) (VP (VB import) (NP (NP (QP (JJR more) (IN than) (CD five)) (NNS kilos)) (PP (IN of) (NP (NN cocaine)))))))))))) (. .))),NONE,NP,S,4.0
1,Cane,NP,(ROOT (S (NP (NP (NNP Barry) (NNP Cane)) (PP (IN of) (NP (NNP Hyannis)))) (VP (VBZ is) (VP (VBN accused) (PP (IN of) (S (VP (VBG trying) (S (VP (TO to) (VP (VB import) (NP (NP (QP (JJR more) (IN than) (CD five)) (NNS kilos)) (PP (IN of) (NP (NN cocaine)))))))))))) (. .))),NONE,NONE,NP,2.0
1,of,IN,(ROOT (S (NP (NP (NNP Barry) (NNP Cane)) (PP (IN of) (NP (NNP Hyannis)))) (VP (VBZ is) (VP (VBN accused) (PP (IN of) (S (VP (VBG trying) (S (VP (TO to) (VP (VB import) (NP (NP (QP (JJR more) (IN than) (CD five)) (NNS kilos)) (PP (IN of) (NP (NN cocaine)))))))))))) (. .))),NP,PP,S,6.0
1,Hyannis,NP,(ROOT (S (NP (NP (NNP Barry) (NNP Cane)) (PP (IN of) (NP (NNP Hyannis)))) (VP (VBZ is) (VP (VBN accused) (PP (IN of) (S (VP (VBG trying) (S (VP (TO to) (VP (VB import) (NP (NP (QP (JJR more) (IN than) (CD five)) (NNS kilos)) (PP (IN of) (NP (NN cocaine)))))))))))) (. .))),NONE,NONE,PP,3.0
1,is,VBZ,(ROOT (S (NP (NP (NNP Barry) (NNP Cane)) (PP (IN of) (NP (NNP Hyannis)))) (VP (VBZ is) (VP (VBN accused) (PP (IN of) (S (VP (VBG trying) (S (VP (TO to) (VP (VB import) (NP (NP (QP (JJR more) (IN than) (CD five)) (NNS kilos)) (PP (IN of) (NP (NN cocaine)))))))))))) (. .))),PP,VP,S,6.0
1,accused,VBN,(ROOT (S (NP (NP (NNP Barry) (NNP Cane)) (PP (IN of) (NP (NNP Hyannis)))) (VP (VBZ is) (VP (VBN accused) (PP (IN of) (S (VP (VBG trying) (S (VP (TO to) (VP (VB import) (NP (NP (QP (JJR more) (IN than) (CD five)) (NNS kilos)) (PP (IN of) (NP (NN cocaine)))))))))))) (. .))),NONE,VP,VP,3.0
1,of,IN,(ROOT (S (NP (NP (NNP Barry) (NNP Cane)) (PP (IN of) (NP (NNP Hyannis)))) (VP (VBZ is) (VP (VBN accused) (PP (IN of) (S (VP (VBG trying) (S (VP (TO to) (VP (VB import) (NP (NP (QP (JJR more) (IN than) (CD five)) (NNS kilos)) (PP (IN of) (NP (NN cocaine)))))))))))) (. .))),NONE,PP,VP,3.0
1,trying,VBG,(ROOT (S (NP (NP (NNP Barry) (NNP Cane)) (PP (IN of) (NP (NNP Hyannis)))) (VP (VBZ is) (VP (VBN accused) (PP (IN of) (S (VP (VBG trying) (S (VP (TO to) (VP (VB import) (NP (NP (QP (JJR more) (IN than) (CD five)) (NNS kilos)) (PP (IN of) (NP (NN cocaine)))))))))))) (. .))),NONE,VP,PP,4.0
1,to,TO,(ROOT (S (NP (NP (NNP Barry) (NNP Cane)) (PP (IN of) (NP (NNP Hyannis)))) (VP (VBZ is) (VP (VBN accused) (PP (IN of) (S (VP (VBG trying) (S (VP (TO to) (VP (VB import) (NP (NP (QP (JJR more) (IN than) (CD five)) (NNS kilos)) (PP (IN of) (NP (NN cocaine)))))))))))) (. .))),NONE,VP,VP,4.0
1,import,VB,(ROOT (S (NP (NP (NNP Barry) (NNP Cane)) (PP (IN of) (NP (NNP Hyannis)))) (VP (VBZ is) (VP (VBN accused) (PP (IN of) (S (VP (VBG trying) (S (VP (TO to) (VP (VB import) (NP (NP (QP (JJR more) (IN than) (CD five)) (NNS kilos)) (PP (IN of) (NP (NN cocaine)))))))))))) (. .))),NONE,VP,VP,3.0
1,more,JJR,(ROOT (S (NP (NP (NNP Barry) (NNP Cane)) (PP (IN of) (NP (NNP Hyannis)))) (VP (VBZ is) (VP (VBN accused) (PP (IN of) (S (VP (VBG trying) (S (VP (TO to) (VP (VB import) (NP (NP (QP (JJR more) (IN than) (CD five)) (NNS kilos)) (PP (IN of) (NP (NN cocaine)))))))))))) (. .))),NONE,NP,VP,5.0
1,than,IN,(ROOT (S (NP (NP (NNP Barry) (NNP Cane)) (PP (IN of) (NP (NNP Hyannis)))) (VP (VBZ is) (VP (VBN accused) (PP (IN of) (S (VP (VBG trying) (S (VP (TO to) (VP (VB import) (NP (NP (QP (JJR more) (IN than) (CD five)) (NNS kilos)) (PP (IN of) (NP (NN cocaine)))))))))))) (. .))),NONE,NONE,QP,2.0
1,five,CD,(ROOT (S (NP (NP (NNP Barry) (NNP Cane)) (PP (IN of) (NP (NNP Hyannis)))) (VP (VBZ is) (VP (VBN accused) (PP (IN of) (S (VP (VBG trying) (S (VP (TO to) (VP (VB import) (NP (NP (QP (JJR more) (IN than) (CD five)) (NNS kilos)) (PP (IN of) (NP (NN cocaine)))))))))))) (. .))),NONE,NONE,QP,2.0
1,kilos,NNS,(ROOT (S (NP (NP (NNP Barry) (NNP Cane)) (PP (IN of) (NP (NNP Hyannis)))) (VP (VBZ is) (VP (VBN accused) (PP (IN of) (S (VP (VBG trying) (S (VP (TO to) (VP (VB import) (NP (NP (QP (JJR more) (IN than) (CD five)) (NNS kilos)) (PP (IN of) (NP (NN cocaine)))))))))))) (. .))),QP,NONE,NP,3.0
1,of,IN,(ROOT (S (NP (NP (NNP Barry) (NNP Cane)) (PP (IN of) (NP (NNP Hyannis)))) (VP (VBZ is) (VP (VBN accused) (PP (IN of) (S (VP (VBG trying) (S (VP (TO to) (VP (VB import) (NP (NP (QP (JJR more) (IN than) (CD five)) (NNS kilos)) (PP (IN of) (NP (NN cocaine)))))))))))) (. .))),NP,PP,VP,6.0
1,cocaine,NN,(ROOT (S (NP (NP (NNP Barry) (NNP Cane)) (PP (IN of) (NP (NNP Hyannis)))) (VP (VBZ is) (VP (VBN accused) (PP (IN of) (S (VP (VBG trying) (S (VP (TO to) (VP (VB import) (NP (NP (QP (JJR more) (IN than) (CD five)) (NNS kilos)) (PP (IN of) (NP (NN cocaine)))))))))))) (. .))),NONE,NONE,PP,3.0
2,the,DT,(ROOT (S (NP (NP (DT The) (NN arrest) (NN warrant)) (VP (VBN issued) (PP (IN in) (NP (NNP Florida))))) (VP (VBZ links) (NP (DT the) (NN attorney)) (PP (TO to) (NP (NP (DT a) (NN government) (NN probe)) (PP (IN of) (NP (NP (DT the) (NNP Medhyin) (NN drug) (NN cartel)) (VP (VBN headed) (PRT (RP up)) (PP (IN by) (NP (NNP kingpin) (NNP Carlos))) (ADVP (RB Later)) (SBAR (WHNP (WP who)) (S (ADVP (RB now)) (VP (VBG serving) (NP (DT a) (NN life) (NN sentence)) (PP (IN in) (NP (JJ federal) (NN prison)))))))))))) (. .))),NONE,NP,S,4.0
2,arrest,NN,(ROOT (S (NP (NP (DT The) (NN arrest) (NN warrant)) (VP (VBN issued) (PP (IN in) (NP (NNP Florida))))) (VP (VBZ links) (NP (DT the) (NN attorney)) (PP (TO to) (NP (NP (DT a) (NN government) (NN probe)) (PP (IN of) (NP (NP (DT the) (NNP Medhyin) (NN drug) (NN cartel)) (VP (VBN headed) (PRT (RP up)) (PP (IN by) (NP (NNP kingpin) (NNP Carlos))) (ADVP (RB Later)) (SBAR (WHNP (WP who)) (S (ADVP (RB now)) (VP (VBG serving) (NP (DT a) (NN life) (NN sentence)) (PP (IN in) (NP (JJ federal) (NN prison)))))))))))) (. .))),NONE,NONE,NP,2.0
2,warrant,NN,(ROOT (S (NP (NP (DT The) (NN arrest) (NN warrant)) (VP (VBN issued) (PP (IN in) (NP (NNP Florida))))) (VP (VBZ links) (NP (DT the) (NN attorney)) (PP (TO to) (NP (NP (DT a) (NN government) (NN probe)) (PP (IN of) (NP (NP (DT the) (NNP Medhyin) (NN drug) (NN cartel)) (VP (VBN headed) (PRT (RP up)) (PP (IN by) (NP (NNP kingpin) (NNP Carlos))) (ADVP (RB Later)) (SBAR (WHNP (WP who)) (S (ADVP (RB now)) (VP (VBG serving) (NP (DT a) (NN life) (NN sentence)) (PP (IN in) (NP (JJ federal) (NN prison)))))))))))) (. .))),NONE,NONE,NP,2.0
2,issued,VBN,(ROOT (S (NP (NP (DT The) (NN arrest) (NN warrant)) (VP (VBN issued) (PP (IN in) (NP (NNP Florida))))) (VP (VBZ links) (NP (DT the) (NN attorney)) (PP (TO to) (NP (NP (DT a) (NN government) (NN probe)) (PP (IN of) (NP (NP (DT the) (NNP Medhyin) (NN drug) (NN cartel)) (VP (VBN headed) (PRT (RP up)) (PP (IN by) (NP (NNP kingpin) (NNP Carlos))) (ADVP (RB Later)) (SBAR (WHNP (WP who)) (S (ADVP (RB now)) (VP (VBG serving) (NP (DT a) (NN life) (NN sentence)) (PP (IN in) (NP (JJ federal) (NN prison)))))))))))) (. .))),NP,VP,S,6.0
2,in,IN,(ROOT (S (NP (NP (DT The) (NN arrest) (NN warrant)) (VP (VBN issued) (PP (IN in) (NP (NNP Florida))))) (VP (VBZ links) (NP (DT the) (NN attorney)) (PP (TO to) (NP (NP (DT a) (NN government) (NN probe)) (PP (IN of) (NP (NP (DT the) (NNP Medhyin) (NN drug) (NN cartel)) (VP (VBN headed) (PRT (RP up)) (PP (IN by) (NP (NNP kingpin) (NNP Carlos))) (ADVP (RB Later)) (SBAR (WHNP (WP who)) (S (ADVP (RB now)) (VP (VBG serving) (NP (DT a) (NN life) (NN sentence)) (PP (IN in) (NP (JJ federal) (NN prison)))))))))))) (. .))),NONE,PP,VP,3.0
2,Florida,NP,(ROOT (S (NP (NP (DT The) (NN arrest) (NN warrant)) (VP (VBN issued) (PP (IN in) (NP (NNP Florida))))) (VP (VBZ links) (NP (DT the) (NN attorney)) (PP (TO to) (NP (NP (DT a) (NN government) (NN probe)) (PP (IN of) (NP (NP (DT the) (NNP Medhyin) (NN drug) (NN cartel)) (VP (VBN headed) (PRT (RP up)) (PP (IN by) (NP (NNP kingpin) (NNP Carlos))) (ADVP (RB Later)) (SBAR (WHNP (WP who)) (S (ADVP (RB now)) (VP (VBG serving) (NP (DT a) (NN life) (NN sentence)) (PP (IN in) (NP (JJ federal) (NN prison)))))))))))) (. .))),NONE,NONE,PP,3.0
2,links,VBZ,(ROOT (S (NP (NP (DT The) (NN arrest) (NN warrant)) (VP (VBN issued) (PP (IN in) (NP (NNP Florida))))) (VP (VBZ links) (NP (DT the) (NN attorney)) (PP (TO to) (NP (NP (DT a) (NN government) (NN probe)) (PP (IN of) (NP (NP (DT the) (NNP Medhyin) (NN drug) (NN cartel)) (VP (VBN headed) (PRT (RP up)) (PP (IN by) (NP (NNP kingpin) (NNP Carlos))) (ADVP (RB Later)) (SBAR (WHNP (WP who)) (S (ADVP (RB now)) (VP (VBG serving) (NP (DT a) (NN life) (NN sentence)) (PP (IN in) (NP (JJ federal) (NN prison)))))))))))) (. .))),VP,VP,S,7.0
2,the,DT,(ROOT (S (NP (NP (DT The) (NN arrest) (NN warrant)) (VP (VBN issued) (PP (IN in) (NP (NNP Florida))))) (VP (VBZ links) (NP (DT the) (NN attorney)) (PP (TO to) (NP (NP (DT a) (NN government) (NN probe)) (PP (IN of) (NP (NP (DT the) (NNP Medhyin) (NN drug) (NN cartel)) (VP (VBN headed) (PRT (RP up)) (PP (IN by) (NP (NNP kingpin) (NNP Carlos))) (ADVP (RB Later)) (SBAR (WHNP (WP who)) (S (ADVP (RB now)) (VP (VBG serving) (NP (DT a) (NN life) (NN sentence)) (PP (IN in) (NP (JJ federal) (NN prison)))))))))))) (. .))),NONE,NP,VP,3.0
2,attorney,NN,(ROOT (S (NP (NP (DT The) (NN arrest) (NN warrant)) (VP (VBN issued) (PP (IN in) (NP (NNP Florida))))) (VP (VBZ links) (NP (DT the) (NN attorney)) (PP (TO to) (NP (NP (DT a) (NN government) (NN probe)) (PP (IN of) (NP (NP (DT the) (NNP Medhyin) (NN drug) (NN cartel)) (VP (VBN headed) (PRT (RP up)) (PP (IN by) (NP (NNP kingpin) (NNP Carlos))) (ADVP (RB Later)) (SBAR (WHNP (WP who)) (S (ADVP (RB now)) (VP (VBG serving) (NP (DT a) (NN life) (NN sentence)) (PP (IN in) (NP (JJ federal) (NN prison)))))))))))) (. .))),NONE,NONE,NP,2.0
2,to,TO,(ROOT (S (NP (NP (DT The) (NN arrest) (NN warrant)) (VP (VBN issued) (PP (IN in) (NP (NNP Florida))))) (VP (VBZ links) (NP (DT the) (NN attorney)) (PP (TO to) (NP (NP (DT a) (NN government) (NN probe)) (PP (IN of) (NP (NP (DT the) (NNP Medhyin) (NN drug) (NN cartel)) (VP (VBN headed) (PRT (RP up)) (PP (IN by) (NP (NNP kingpin) (NNP Carlos))) (ADVP (RB Later)) (SBAR (WHNP (WP who)) (S (ADVP (RB now)) (VP (VBG serving) (NP (DT a) (NN life) (NN sentence)) (PP (IN in) (NP (JJ federal) (NN prison)))))))))))) (. .))),NP,PP,VP,4.0
2,a,DT,(ROOT (S (NP (NP (DT The) (NN arrest) (NN warrant)) (VP (VBN issued) (PP (IN in) (NP (NNP Florida))))) (VP (VBZ links) (NP (DT the) (NN attorney)) (PP (TO to) (NP (NP (DT a) (NN government) (NN probe)) (PP (IN of) (NP (NP (DT the) (NNP Medhyin) (NN drug) (NN cartel)) (VP (VBN headed) (PRT (RP up)) (PP (IN by) (NP (NNP kingpin) (NNP Carlos))) (ADVP (RB Later)) (SBAR (WHNP (WP who)) (S (ADVP (RB now)) (VP (VBG serving) (NP (DT a) (NN life) (NN sentence)) (PP (IN in) (NP (JJ federal) (NN prison)))))))))))) (. .))),NONE,NP,PP,4.0
2,government,NN,(ROOT (S (NP (NP (DT The) (NN arrest) (NN warrant)) (VP (VBN issued) (PP (IN in) (NP (NNP Florida))))) (VP (VBZ links) (NP (DT the) (NN attorney)) (PP (TO to) (NP (NP (DT a) (NN government) (NN probe)) (PP (IN of) (NP (NP (DT the) (NNP Medhyin) (NN drug) (NN cartel)) (VP (VBN headed) (PRT (RP up)) (PP (IN by) (NP (NNP kingpin) (NNP Carlos))) (ADVP (RB Later)) (SBAR (WHNP (WP who)) (S (ADVP (RB now)) (VP (VBG serving) (NP (DT a) (NN life) (NN sentence)) (PP (IN in) (NP (JJ federal) (NN prison)))))))))))) (. .))),NONE,NONE,NP,2.0
2,probe,NN,(ROOT (S (NP (NP (DT The) (NN arrest) (NN warrant)) (VP (VBN issued) (PP (IN in) (NP (NNP Florida))))) (VP (VBZ links) (NP (DT the) (NN attorney)) (PP (TO to) (NP (NP (DT a) (NN government) (NN probe)) (PP (IN of) (NP (NP (DT the) (NNP Medhyin) (NN drug) (NN cartel)) (VP (VBN headed) (PRT (RP up)) (PP (IN by) (NP (NNP kingpin) (NNP Carlos))) (ADVP (RB Later)) (SBAR (WHNP (WP who)) (S (ADVP (RB now)) (VP (VBG serving) (NP (DT a) (NN life) (NN sentence)) (PP (IN in) (NP (JJ federal) (NN prison)))))))))))) (. .))),NONE,NONE,NP,2.0
2,of,IN,(ROOT (S (NP (NP (DT The) (NN arrest) (NN warrant)) (VP (VBN issued) (PP (IN in) (NP (NNP Florida))))) (VP (VBZ links) (NP (DT the) (NN attorney)) (PP (TO to) (NP (NP (DT a) (NN government) (NN probe)) (PP (IN of) (NP (NP (DT the) (NNP Medhyin) (NN drug) (NN cartel)) (VP (VBN headed) (PRT (RP up)) (PP (IN by) (NP (NNP kingpin) (NNP Carlos))) (ADVP (RB Later)) (SBAR (WHNP (WP who)) (S (ADVP (RB now)) (VP (VBG serving) (NP (DT a) (NN life) (NN sentence)) (PP (IN in) (NP (JJ federal) (NN prison)))))))))))) (. .))),NP,PP,PP,6.0
2,the,DT,(ROOT (S (NP (NP (DT The) (NN arrest) (NN warrant)) (VP (VBN issued) (PP (IN in) (NP (NNP Florida))))) (VP (VBZ links) (NP (DT the) (NN attorney)) (PP (TO to) (NP (NP (DT a) (NN government) (NN probe)) (PP (IN of) (NP (NP (DT the) (NNP Medhyin) (NN drug) (NN cartel)) (VP (VBN headed) (PRT (RP up)) (PP (IN by) (NP (NNP kingpin) (NNP Carlos))) (ADVP (RB Later)) (SBAR (WHNP (WP who)) (S (ADVP (RB now)) (VP (VBG serving) (NP (DT a) (NN life) (NN sentence)) (PP (IN in) (NP (JJ federal) (NN prison)))))))))))) (. .))),NONE,NP,PP,4.0
2,Medhyin,NP,(ROOT (S (NP (NP (DT The) (NN arrest) (NN warrant)) (VP (VBN issued) (PP (IN in) (NP (NNP Florida))))) (VP (VBZ links) (NP (DT the) (NN attorney)) (PP (TO to) (NP (NP (DT a) (NN government) (NN probe)) (PP (IN of) (NP (NP (DT the) (NNP Medhyin) (NN drug) (NN cartel)) (VP (VBN headed) (PRT (RP up)) (PP (IN by) (NP (NNP kingpin) (NNP Carlos))) (ADVP (RB Later)) (SBAR (WHNP (WP who)) (S (ADVP (RB now)) (VP (VBG serving) (NP (DT a) (NN life) (NN sentence)) (PP (IN in) (NP (JJ federal) (NN prison)))))))))))) (. .))),NONE,NONE,NP,2.0
2,drug,NN,(ROOT (S (NP (NP (DT The) (NN arrest) (NN warrant)) (VP (VBN issued) (PP (IN in) (NP (NNP Florida))))) (VP (VBZ links) (NP (DT the) (NN attorney)) (PP (TO to) (NP (NP (DT a) (NN government) (NN probe)) (PP (IN of) (NP (NP (DT the) (NNP Medhyin) (NN drug) (NN cartel)) (VP (VBN headed) (PRT (RP up)) (PP (IN by) (NP (NNP kingpin) (NNP Carlos))) (ADVP (RB Later)) (SBAR (WHNP (WP who)) (S (ADVP (RB now)) (VP (VBG serving) (NP (DT a) (NN life) (NN sentence)) (PP (IN in) (NP (JJ federal) (NN prison)))))))))))) (. .))),NONE,NONE,NP,2.0
2,cartel,NN,(ROOT (S (NP (NP (DT The) (NN arrest) (NN warrant)) (VP (VBN issued) (PP (IN in) (NP (NNP Florida))))) (VP (VBZ links) (NP (DT the) (NN attorney)) (PP (TO to) (NP (NP (DT a) (NN government) (NN probe)) (PP (IN of) (NP (NP (DT the) (NNP Medhyin) (NN drug) (NN cartel)) (VP (VBN headed) (PRT (RP up)) (PP (IN by) (NP (NNP kingpin) (NNP Carlos))) (ADVP (RB Later)) (SBAR (WHNP (WP who)) (S (ADVP (RB now)) (VP (VBG serving) (NP (DT a) (NN life) (NN sentence)) (PP (IN in) (NP (JJ federal) (NN prison)))))))))))) (. .))),NONE,NONE,NP,2.0
2,headed,VBN,(ROOT (S (NP (NP (DT The) (NN arrest) (NN warrant)) (VP (VBN issued) (PP (IN in) (NP (NNP Florida))))) (VP (VBZ links) (NP (DT the) (NN attorney)) (PP (TO to) (NP (NP (DT a) (NN government) (NN probe)) (PP (IN of) (NP (NP (DT the) (NNP Medhyin) (NN drug) (NN cartel)) (VP (VBN headed) (PRT (RP up)) (PP (IN by) (NP (NNP kingpin) (NNP Carlos))) (ADVP (RB Later)) (SBAR (WHNP (WP who)) (S (ADVP (RB now)) (VP (VBG serving) (NP (DT a) (NN life) (NN sentence)) (PP (IN in) (NP (JJ federal) (NN prison)))))))))))) (. .))),NP,VP,PP,6.0
2,up,RP,(ROOT (S (NP (NP (DT The) (NN arrest) (NN warrant)) (VP (VBN issued) (PP (IN in) (NP (NNP Florida))))) (VP (VBZ links) (NP (DT the) (NN attorney)) (PP (TO to) (NP (NP (DT a) (NN government) (NN probe)) (PP (IN of) (NP (NP (DT the) (NNP Medhyin) (NN drug) (NN cartel)) (VP (VBN headed) (PRT (RP up)) (PP (IN by) (NP (NNP kingpin) (NNP Carlos))) (ADVP (RB Later)) (SBAR (WHNP (WP who)) (S (ADVP (RB now)) (VP (VBG serving) (NP (DT a) (NN life) (NN sentence)) (PP (IN in) (NP (JJ federal) (NN prison)))))))))))) (. .))),NONE,NONE,VP,3.0
2,by,IN,(ROOT (S (NP (NP (DT The) (NN arrest) (NN warrant)) (VP (VBN issued) (PP (IN in) (NP (NNP Florida))))) (VP (VBZ links) (NP (DT the) (NN attorney)) (PP (TO to) (NP (NP (DT a) (NN government) (NN probe)) (PP (IN of) (NP (NP (DT the) (NNP Medhyin) (NN drug) (NN cartel)) (VP (VBN headed) (PRT (RP up)) (PP (IN by) (NP (NNP kingpin) (NNP Carlos))) (ADVP (RB Later)) (SBAR (WHNP (WP who)) (S (ADVP (RB now)) (VP (VBG serving) (NP (DT a) (NN life) (NN sentence)) (PP (IN in) (NP (JJ federal) (NN prison)))))))))))) (. .))),NONE,PP,VP,4.0
2,kingpin,NN,(ROOT (S (NP (NP (DT The) (NN arrest) (NN warrant)) (VP (VBN issued) (PP (IN in) (NP (NNP Florida))))) (VP (VBZ links) (NP (DT the) (NN attorney)) (PP (TO to) (NP (NP (DT a) (NN government) (NN probe)) (PP (IN of) (NP (NP (DT the) (NNP Medhyin) (NN drug) (NN cartel)) (VP (VBN headed) (PRT (RP up)) (PP (IN by) (NP (NNP kingpin) (NNP Carlos))) (ADVP (RB Later)) (SBAR (WHNP (WP who)) (S (ADVP (RB now)) (VP (VBG serving) (NP (DT a) (NN life) (NN sentence)) (PP (IN in) (NP (JJ federal) (NN prison)))))))))))) (. .))),NONE,NP,PP,3.0
2,Carlos,NP,(ROOT (S (NP (NP (DT The) (NN arrest) (NN warrant)) (VP (VBN issued) (PP (IN in) (NP (NNP Florida))))) (VP (VBZ links) (NP (DT the) (NN attorney)) (PP (TO to) (NP (NP (DT a) (NN government) (NN probe)) (PP (IN of) (NP (NP (DT the) (NNP Medhyin) (NN drug) (NN cartel)) (VP (VBN headed) (PRT (RP up)) (PP (IN by) (NP (NNP kingpin) (NNP Carlos))) (ADVP (RB Later)) (SBAR (WHNP (WP who)) (S (ADVP (RB now)) (VP (VBG serving) (NP (DT a) (NN life) (NN sentence)) (PP (IN in) (NP (JJ federal) (NN prison)))))))))))) (. .))),NONE,NONE,NP,2.0
2,Later,RB,(ROOT (S (NP (NP (DT The) (NN arrest) (NN warrant)) (VP (VBN issued) (PP (IN in) (NP (NNP Florida))))) (VP (VBZ links) (NP (DT the) (NN attorney)) (PP (TO to) (NP (NP (DT a) (NN government) (NN probe)) (PP (IN of) (NP (NP (DT the) (NNP Medhyin) (NN drug) (NN cartel)) (VP (VBN headed) (PRT (RP up)) (PP (IN by) (NP (NNP kingpin) (NNP Carlos))) (ADVP (RB Later)) (SBAR (WHNP (WP who)) (S (ADVP (RB now)) (VP (VBG serving) (NP (DT a) (NN life) (NN sentence)) (PP (IN in) (NP (JJ federal) (NN prison)))))))))))) (. .))),PP,NONE,VP,5.0
2,who,WP,(ROOT (S (NP (NP (DT The) (NN arrest) (NN warrant)) (VP (VBN issued) (PP (IN in) (NP (NNP Florida))))) (VP (VBZ links) (NP (DT the) (NN attorney)) (PP (TO to) (NP (NP (DT a) (NN government) (NN probe)) (PP (IN of) (NP (NP (DT the) (NNP Medhyin) (NN drug) (NN cartel)) (VP (VBN headed) (PRT (RP up)) (PP (IN by) (NP (NNP kingpin) (NNP Carlos))) (ADVP (RB Later)) (SBAR (WHNP (WP who)) (S (ADVP (RB now)) (VP (VBG serving) (NP (DT a) (NN life) (NN sentence)) (PP (IN in) (NP (JJ federal) (NN prison)))))))))))) (. .))),NONE,NONE,VP,5.0
2,now,RB,(ROOT (S (NP (NP (DT The) (NN arrest) (NN warrant)) (VP (VBN issued) (PP (IN in) (NP (NNP Florida))))) (VP (VBZ links) (NP (DT the) (NN attorney)) (PP (TO to) (NP (NP (DT a) (NN government) (NN probe)) (PP (IN of) (NP (NP (DT the) (NNP Medhyin) (NN drug) (NN cartel)) (VP (VBN headed) (PRT (RP up)) (PP (IN by) (NP (NNP kingpin) (NNP Carlos))) (ADVP (RB Later)) (SBAR (WHNP (WP who)) (S (ADVP (RB now)) (VP (VBG serving) (NP (DT a) (NN life) (NN sentence)) (PP (IN in) (NP (JJ federal) (NN prison)))))))))))) (. .))),NONE,NONE,VP,7.0
2,serving,VBG,(ROOT (S (NP (NP (DT The) (NN arrest) (NN warrant)) (VP (VBN issued) (PP (IN in) (NP (NNP Florida))))) (VP (VBZ links) (NP (DT the) (NN attorney)) (PP (TO to) (NP (NP (DT a) (NN government) (NN probe)) (PP (IN of) (NP (NP (DT the) (NNP Medhyin) (NN drug) (NN cartel)) (VP (VBN headed) (PRT (RP up)) (PP (IN by) (NP (NNP kingpin) (NNP Carlos))) (ADVP (RB Later)) (SBAR (WHNP (WP who)) (S (ADVP (RB now)) (VP (VBG serving) (NP (DT a) (NN life) (NN sentence)) (PP (IN in) (NP (JJ federal) (NN prison)))))))))))) (. .))),NONE,VP,VP,8.0
2,a,DT,(ROOT (S (NP (NP (DT The) (NN arrest) (NN warrant)) (VP (VBN issued) (PP (IN in) (NP (NNP Florida))))) (VP (VBZ links) (NP (DT the) (NN attorney)) (PP (TO to) (NP (NP (DT a) (NN government) (NN probe)) (PP (IN of) (NP (NP (DT the) (NNP Medhyin) (NN drug) (NN cartel)) (VP (VBN headed) (PRT (RP up)) (PP (IN by) (NP (NNP kingpin) (NNP Carlos))) (ADVP (RB Later)) (SBAR (WHNP (WP who)) (S (ADVP (RB now)) (VP (VBG serving) (NP (DT a) (NN life) (NN sentence)) (PP (IN in) (NP (JJ federal) (NN prison)))))))))))) (. .))),NONE,NP,VP,3.0
2,life,NN,(ROOT (S (NP (NP (DT The) (NN arrest) (NN warrant)) (VP (VBN issued) (PP (IN in) (NP (NNP Florida))))) (VP (VBZ links) (NP (DT the) (NN attorney)) (PP (TO to) (NP (NP (DT a) (NN government) (NN probe)) (PP (IN of) (NP (NP (DT the) (NNP Medhyin) (NN drug) (NN cartel)) (VP (VBN headed) (PRT (RP up)) (PP (IN by) (NP (NNP kingpin) (NNP Carlos))) (ADVP (RB Later)) (SBAR (WHNP (WP who)) (S (ADVP (RB now)) (VP (VBG serving) (NP (DT a) (NN life) (NN sentence)) (PP (IN in) (NP (JJ federal) (NN prison)))))))))))) (. .))),NONE,NONE,NP,2.0
2,sentence,NN,(ROOT (S (NP (NP (DT The) (NN arrest) (NN warrant)) (VP (VBN issued) (PP (IN in) (NP (NNP Florida))))) (VP (VBZ links) (NP (DT the) (NN attorney)) (PP (TO to) (NP (NP (DT a) (NN government) (NN probe)) (PP (IN of) (NP (NP (DT the) (NNP Medhyin) (NN drug) (NN cartel)) (VP (VBN headed) (PRT (RP up)) (PP (IN by) (NP (NNP kingpin) (NNP Carlos))) (ADVP (RB Later)) (SBAR (WHNP (WP who)) (S (ADVP (RB now)) (VP (VBG serving) (NP (DT a) (NN life) (NN sentence)) (PP (IN in) (NP (JJ federal) (NN prison)))))))))))) (. .))),NONE,NONE,NP,2.0
2,in,IN,(ROOT (S (NP (NP (DT The) (NN arrest) (NN warrant)) (VP (VBN issued) (PP (IN in) (NP (NNP Florida))))) (VP (VBZ links) (NP (DT the) (NN attorney)) (PP (TO to) (NP (NP (DT a) (NN government) (NN probe)) (PP (IN of) (NP (NP (DT the) (NNP Medhyin) (NN drug) (NN cartel)) (VP (VBN headed) (PRT (RP up)) (PP (IN by) (NP (NNP kingpin) (NNP Carlos))) (ADVP (RB Later)) (SBAR (WHNP (WP who)) (S (ADVP (RB now)) (VP (VBG serving) (NP (DT a) (NN life) (NN sentence)) (PP (IN in) (NP (JJ federal) (NN prison)))))))))))) (. .))),NP,PP,VP,4.0
2,federal,JJ,(ROOT (S (NP (NP (DT The) (NN arrest) (NN warrant)) (VP (VBN issued) (PP (IN in) (NP (NNP Florida))))) (VP (VBZ links) (NP (DT the) (NN attorney)) (PP (TO to) (NP (NP (DT a) (NN government) (NN probe)) (PP (IN of) (NP (NP (DT the) (NNP Medhyin) (NN drug) (NN cartel)) (VP (VBN headed) (PRT (RP up)) (PP (IN by) (NP (NNP kingpin) (NNP Carlos))) (ADVP (RB Later)) (SBAR (WHNP (WP who)) (S (ADVP (RB now)) (VP (VBG serving) (NP (DT a) (NN life) (NN sentence)) (PP (IN in) (NP (JJ federal) (NN prison)))))))))))) (. .))),NONE,NP,PP,3.0
2,prison,NN,(ROOT (S (NP (NP (DT The) (NN arrest) (NN warrant)) (VP (VBN issued) (PP (IN in) (NP (NNP Florida))))) (VP (VBZ links) (NP (DT the) (NN attorney)) (PP (TO to) (NP (NP (DT a) (NN government) (NN probe)) (PP (IN of) (NP (NP (DT the) (NNP Medhyin) (NN drug) (NN cartel)) (VP (VBN headed) (PRT (RP up)) (PP (IN by) (NP (NNP kingpin) (NNP Carlos))) (ADVP (RB Later)) (SBAR (WHNP (WP who)) (S (ADVP (RB now)) (VP (VBG serving) (NP (DT a) (NN life) (NN sentence)) (PP (IN in) (NP (JJ federal) (NN prison)))))))))))) (. .))),NONE,NONE,NP,2.0
3,William,NP,(ROOT (S (NP (NNP William) (NNP Weld)) (VP (VBZ says) (SBAR (S (NP (PRP he)) (VP (VBZ wants) (S (VP (TO to) (VP (VB break) (NP (NP (DT the) (NN stranglehold)) (SBAR (S (NP (DT the) (JJ Democratic) (NN party)) (VP (VBZ has) (VP (PP (IN on) (NP (NNP Massachusetts) (NNS politics))))))))))))))) (. .))),NONE,NP,S,3.0
3,Weld,NP,(ROOT (S (NP (NNP William) (NNP Weld)) (VP (VBZ says) (SBAR (S (NP (PRP he)) (VP (VBZ wants) (S (VP (TO to) (VP (VB break) (NP (NP (DT the) (NN stranglehold)) (SBAR (S (NP (DT the) (JJ Democratic) (NN party)) (VP (VBZ has) (VP (PP (IN on) (NP (NNP Massachusetts) (NNS politics))))))))))))))) (. .))),NONE,NONE,NP,2.0
3,says,VBZ,(ROOT (S (NP (NNP William) (NNP Weld)) (VP (VBZ says) (SBAR (S (NP (PRP he)) (VP (VBZ wants) (S (VP (TO to) (VP (VB break) (NP (NP (DT the) (NN stranglehold)) (SBAR (S (NP (DT the) (JJ Democratic) (NN party)) (VP (VBZ has) (VP (PP (IN on) (NP (NNP Massachusetts) (NNS politics))))))))))))))) (. .))),NP,VP,S,4.0
3,he,PP,(ROOT (S (NP (NNP William) (NNP Weld)) (VP (VBZ says) (SBAR (S (NP (PRP he)) (VP (VBZ wants) (S (VP (TO to) (VP (VB break) (NP (NP (DT the) (NN stranglehold)) (SBAR (S (NP (DT the) (JJ Democratic) (NN party)) (VP (VBZ has) (VP (PP (IN on) (NP (NNP Massachusetts) (NNS politics))))))))))))))) (. .))),NONE,NONE,VP,5.0
3,wants,VBZ,(ROOT (S (NP (NNP William) (NNP Weld)) (VP (VBZ says) (SBAR (S (NP (PRP he)) (VP (VBZ wants) (S (VP (TO to) (VP (VB break) (NP (NP (DT the) (NN stranglehold)) (SBAR (S (NP (DT the) (JJ Democratic) (NN party)) (VP (VBZ has) (VP (PP (IN on) (NP (NNP Massachusetts) (NNS politics))))))))))))))) (. .))),NONE,VP,VP,8.0
3,to,TO,(ROOT (S (NP (NNP William) (NNP Weld)) (VP (VBZ says) (SBAR (S (NP (PRP he)) (VP (VBZ wants) (S (VP (TO to) (VP (VB break) (NP (NP (DT the) (NN stranglehold)) (SBAR (S (NP (DT the) (JJ Democratic) (NN party)) (VP (VBZ has) (VP (PP (IN on) (NP (NNP Massachusetts) (NNS politics))))))))))))))) (. .))),NONE,VP,VP,4.0
3,break,VB,(ROOT (S (NP (NNP William) (NNP Weld)) (VP (VBZ says) (SBAR (S (NP (PRP he)) (VP (VBZ wants) (S (VP (TO to) (VP (VB break) (NP (NP (DT the) (NN stranglehold)) (SBAR (S (NP (DT the) (JJ Democratic) (NN party)) (VP (VBZ has) (VP (PP (IN on) (NP (NNP Massachusetts) (NNS politics))))))))))))))) (. .))),NONE,VP,VP,3.0
3,the,DT,(ROOT (S (NP (NNP William) (NNP Weld)) (VP (VBZ says) (SBAR (S (NP (PRP he)) (VP (VBZ wants) (S (VP (TO to) (VP (VB break) (NP (NP (DT the) (NN stranglehold)) (SBAR (S (NP (DT the) (JJ Democratic) (NN party)) (VP (VBZ has) (VP (PP (IN on) (NP (NNP Massachusetts) (NNS politics))))))))))))))) (. .))),NONE,NP,VP,4.0
3,stranglehold,NN,(ROOT (S (NP (NNP William) (NNP Weld)) (VP (VBZ says) (SBAR (S (NP (PRP he)) (VP (VBZ wants) (S (VP (TO to) (VP (VB break) (NP (NP (DT the) (NN stranglehold)) (SBAR (S (NP (DT the) (JJ Democratic) (NN party)) (VP (VBZ has) (VP (PP (IN on) (NP (NNP Massachusetts) (NNS politics))))))))))))))) (. .))),NONE,NONE,NP,2.0
3,the,DT,(ROOT (S (NP (NNP William) (NNP Weld)) (VP (VBZ says) (SBAR (S (NP (PRP he)) (VP (VBZ wants) (S (VP (TO to) (VP (VB break) (NP (NP (DT the) (NN stranglehold)) (SBAR (S (NP (DT the) (JJ Democratic) (NN party)) (VP (VBZ has) (VP (PP (IN on) (NP (NNP Massachusetts) (NNS politics))))))))))))))) (. .))),NP,NP,VP,8.0
3,Democratic,JJ,(ROOT (S (NP (NNP William) (NNP Weld)) (VP (VBZ says) (SBAR (S (NP (PRP he)) (VP (VBZ wants) (S (VP (TO to) (VP (VB break) (NP (NP (DT the) (NN stranglehold)) (SBAR (S (NP (DT the) (JJ Democratic) (NN party)) (VP (VBZ has) (VP (PP (IN on) (NP (NNP Massachusetts) (NNS politics))))))))))))))) (. .))),NONE,NONE,NP,2.0
3,party,NN,(ROOT (S (NP (NNP William) (NNP Weld)) (VP (VBZ says) (SBAR (S (NP (PRP he)) (VP (VBZ wants) (S (VP (TO to) (VP (VB break) (NP (NP (DT the) (NN stranglehold)) (SBAR (S (NP (DT the) (JJ Democratic) (NN party)) (VP (VBZ has) (VP (PP (IN on) (NP (NNP Massachusetts) (NNS politics))))))))))))))) (. .))),NONE,NONE,NP,2.0
3,has,VBZ,(ROOT (S (NP (NNP William) (NNP Weld)) (VP (VBZ says) (SBAR (S (NP (PRP he)) (VP (VBZ wants) (S (VP (TO to) (VP (VB break) (NP (NP (DT the) (NN stranglehold)) (SBAR (S (NP (DT the) (JJ Democratic) (NN party)) (VP (VBZ has) (VP (PP (IN on) (NP (NNP Massachusetts) (NNS politics))))))))))))))) (. .))),NP,VP,VP,10.0
3,on,IN,(ROOT (S (NP (NNP William) (NNP Weld)) (VP (VBZ says) (SBAR (S (NP (PRP he)) (VP (VBZ wants) (S (VP (TO to) (VP (VB break) (NP (NP (DT the) (NN stranglehold)) (SBAR (S (NP (DT the) (JJ Democratic) (NN party)) (VP (VBZ has) (VP (PP (IN on) (NP (NNP Massachusetts) (NNS politics))))))))))))))) (. .))),NONE,PP,VP,4.0
3,Massachusetts,NP,(ROOT (S (NP (NNP William) (NNP Weld)) (VP (VBZ says) (SBAR (S (NP (PRP he)) (VP (VBZ wants) (S (VP (TO to) (VP (VB break) (NP (NP (DT the) (NN stranglehold)) (SBAR (S (NP (DT the) (JJ Democratic) (NN party)) (VP (VBZ has) (VP (PP (IN on) (NP (NNP Massachusetts) (NNS politics))))))))))))))) (. .))),NONE,NP,PP,3.0
3,politics,NNS,(ROOT (S (NP (NNP William) (NNP Weld)) (VP (VBZ says) (SBAR (S (NP (PRP he)) (VP (VBZ wants) (S (VP (TO to) (VP (VB break) (NP (NP (DT the) (NN stranglehold)) (SBAR (S (NP (DT the) (JJ Democratic) (NN party)) (VP (VBZ has) (VP (PP (IN on) (NP (NNP Massachusetts) (NNS politics))))))))))))))) (. .))),NONE,NONE,NP,2.0
4,the,DT,(ROOT (S (NP (DT The) (JJ former) (NNP U.S.) (NN attorney)) (VP (VBZ has) (VP (VBN ended) (NP (NN speculation)) (PP (IN about) (NP (PRP$ his) (JJ future) (JJ political) (NNS plans))) (S (VP (VBG saying) (SBAR (S (NP (PRP he)) (VP (VBD got) (NP (PRP$ his) (NN eye)) (PP (IN on) (NP (NP (DT the) (NN governor) (POS 's)) (NN race))) (PP (RB not) (NP (NNP Attorney) (NNP General) (NNP James) (NNP Shannon) (NN job)))))))))) (. .))),NONE,NP,S,3.0
4,former,JJ,(ROOT (S (NP (DT The) (JJ former) (NNP U.S.) (NN attorney)) (VP (VBZ has) (VP (VBN ended) (NP (NN speculation)) (PP (IN about) (NP (PRP$ his) (JJ future) (JJ political) (NNS plans))) (S (VP (VBG saying) (SBAR (S (NP (PRP he)) (VP (VBD got) (NP (PRP$ his) (NN eye)) (PP (IN on) (NP (NP (DT the) (NN governor) (POS 's)) (NN race))) (PP (RB not) (NP (NNP Attorney) (NNP General) (NNP James) (NNP Shannon) (NN job)))))))))) (. .))),NONE,NONE,NP,2.0
4,U.S.,NP,(ROOT (S (NP (DT The) (JJ former) (NNP U.S.) (NN attorney)) (VP (VBZ has) (VP (VBN ended) (NP (NN speculation)) (PP (IN about) (NP (PRP$ his) (JJ future) (JJ political) (NNS plans))) (S (VP (VBG saying) (SBAR (S (NP (PRP he)) (VP (VBD got) (NP (PRP$ his) (NN eye)) (PP (IN on) (NP (NP (DT the) (NN governor) (POS 's)) (NN race))) (PP (RB not) (NP (NNP Attorney) (NNP General) (NNP James) (NNP Shannon) (NN job)))))))))) (. .))),NONE,NONE,NP,2.0
4,attorney,NN,(ROOT (S (NP (DT The) (JJ former) (NNP U.S.) (NN attorney)) (VP (VBZ has) (VP (VBN ended) (NP (NN speculation)) (PP (IN about) (NP (PRP$ his) (JJ future) (JJ political) (NNS plans))) (S (VP (VBG saying) (SBAR (S (NP (PRP he)) (VP (VBD got) (NP (PRP$ his) (NN eye)) (PP (IN on) (NP (NP (DT the) (NN governor) (POS 's)) (NN race))) (PP (RB not) (NP (NNP Attorney) (NNP General) (NNP James) (NNP Shannon) (NN job)))))))))) (. .))),NONE,NONE,NP,2.0
4,has,VBZ,(ROOT (S (NP (DT The) (JJ former) (NNP U.S.) (NN attorney)) (VP (VBZ has) (VP (VBN ended) (NP (NN speculation)) (PP (IN about) (NP (PRP$ his) (JJ future) (JJ political) (NNS plans))) (S (VP (VBG saying) (SBAR (S (NP (PRP he)) (VP (VBD got) (NP (PRP$ his) (NN eye)) (PP (IN on) (NP (NP (DT the) (NN governor) (POS 's)) (NN race))) (PP (RB not) (NP (NNP Attorney) (NNP General) (NNP James) (NNP Shannon) (NN job)))))))))) (. .))),NP,VP,S,4.0
4,ended,VBN,(ROOT (S (NP (DT The) (JJ former) (NNP U.S.) (NN attorney)) (VP (VBZ has) (VP (VBN ended) (NP (NN speculation)) (PP (IN about) (NP (PRP$ his) (JJ future) (JJ political) (NNS plans))) (S (VP (VBG saying) (SBAR (S (NP (PRP he)) (VP (VBD got) (NP (PRP$ his) (NN eye)) (PP (IN on) (NP (NP (DT the) (NN governor) (POS 's)) (NN race))) (PP (RB not) (NP (NNP Attorney) (NNP General) (NNP James) (NNP Shannon) (NN job)))))))))) (. .))),NONE,VP,VP,3.0
4,speculation,NN,(ROOT (S (NP (DT The) (JJ former) (NNP U.S.) (NN attorney)) (VP (VBZ has) (VP (VBN ended) (NP (NN speculation)) (PP (IN about) (NP (PRP$ his) (JJ future) (JJ political) (NNS plans))) (S (VP (VBG saying) (SBAR (S (NP (PRP he)) (VP (VBD got) (NP (PRP$ his) (NN eye)) (PP (IN on) (NP (NP (DT the) (NN governor) (POS 's)) (NN race))) (PP (RB not) (NP (NNP Attorney) (NNP General) (NNP James) (NNP Shannon) (NN job)))))))))) (. .))),NONE,NONE,VP,3.0
4,about,IN,(ROOT (S (NP (DT The) (JJ former) (NNP U.S.) (NN attorney)) (VP (VBZ has) (VP (VBN ended) (NP (NN speculation)) (PP (IN about) (NP (PRP$ his) (JJ future) (JJ political) (NNS plans))) (S (VP (VBG saying) (SBAR (S (NP (PRP he)) (VP (VBD got) (NP (PRP$ his) (NN eye)) (PP (IN on) (NP (NP (DT the) (NN governor) (POS 's)) (NN race))) (PP (RB not) (NP (NNP Attorney) (NNP General) (NNP James) (NNP Shannon) (NN job)))))))))) (. .))),NONE,PP,VP,4.0
4,his,PP$,(ROOT (S (NP (DT The) (JJ former) (NNP U.S.) (NN attorney)) (VP (VBZ has) (VP (VBN ended) (NP (NN speculation)) (PP (IN about) (NP (PRP$ his) (JJ future) (JJ political) (NNS plans))) (S (VP (VBG saying) (SBAR (S (NP (PRP he)) (VP (VBD got) (NP (PRP$ his) (NN eye)) (PP (IN on) (NP (NP (DT the) (NN governor) (POS 's)) (NN race))) (PP (RB not) (NP (NNP Attorney) (NNP General) (NNP James) (NNP Shannon) (NN job)))))))))) (. .))),NONE,NP,PP,3.0
4,future,JJ,(ROOT (S (NP (DT The) (JJ former) (NNP U.S.) (NN attorney)) (VP (VBZ has) (VP (VBN ended) (NP (NN speculation)) (PP (IN about) (NP (PRP$ his) (JJ future) (JJ political) (NNS plans))) (S (VP (VBG saying) (SBAR (S (NP (PRP he)) (VP (VBD got) (NP (PRP$ his) (NN eye)) (PP (IN on) (NP (NP (DT the) (NN governor) (POS 's)) (NN race))) (PP (RB not) (NP (NNP Attorney) (NNP General) (NNP James) (NNP Shannon) (NN job)))))))))) (. .))),NONE,NONE,NP,2.0
4,political,JJ,(ROOT (S (NP (DT The) (JJ former) (NNP U.S.) (NN attorney)) (VP (VBZ has) (VP (VBN ended) (NP (NN speculation)) (PP (IN about) (NP (PRP$ his) (JJ future) (JJ political) (NNS plans))) (S (VP (VBG saying) (SBAR (S (NP (PRP he)) (VP (VBD got) (NP (PRP$ his) (NN eye)) (PP (IN on) (NP (NP (DT the) (NN governor) (POS 's)) (NN race))) (PP (RB not) (NP (NNP Attorney) (NNP General) (NNP James) (NNP Shannon) (NN job)))))))))) (. .))),NONE,NONE,NP,2.0
4,plans,NNS,(ROOT (S (NP (DT The) (JJ former) (NNP U.S.) (NN attorney)) (VP (VBZ has) (VP (VBN ended) (NP (NN speculation)) (PP (IN about) (NP (PRP$ his) (JJ future) (JJ political) (NNS plans))) (S (VP (VBG saying) (SBAR (S (NP (PRP he)) (VP (VBD got) (NP (PRP$ his) (NN eye)) (PP (IN on) (NP (NP (DT the) (NN governor) (POS 's)) (NN race))) (PP (RB not) (NP (NNP Attorney) (NNP General) (NNP James) (NNP Shannon) (NN job)))))))))) (. .))),NONE,NONE,NP,2.0
4,saying,VBG,(ROOT (S (NP (DT The) (JJ former) (NNP U.S.) (NN attorney)) (VP (VBZ has) (VP (VBN ended) (NP (NN speculation)) (PP (IN about) (NP (PRP$ his) (JJ future) (JJ political) (NNS plans))) (S (VP (VBG saying) (SBAR (S (NP (PRP he)) (VP (VBD got) (NP (PRP$ his) (NN eye)) (PP (IN on) (NP (NP (DT the) (NN governor) (POS 's)) (NN race))) (PP (RB not) (NP (NNP Attorney) (NNP General) (NNP James) (NNP Shannon) (NN job)))))))))) (. .))),PP,VP,VP,6.0
4,he,PP,(ROOT (S (NP (DT The) (JJ former) (NNP U.S.) (NN attorney)) (VP (VBZ has) (VP (VBN ended) (NP (NN speculation)) (PP (IN about) (NP (PRP$ his) (JJ future) (JJ political) (NNS plans))) (S (VP (VBG saying) (SBAR (S (NP (PRP he)) (VP (VBD got) (NP (PRP$ his) (NN eye)) (PP (IN on) (NP (NP (DT the) (NN governor) (POS 's)) (NN race))) (PP (RB not) (NP (NNP Attorney) (NNP General) (NNP James) (NNP Shannon) (NN job)))))))))) (. .))),NONE,NONE,VP,5.0
4,got,VBD,(ROOT (S (NP (DT The) (JJ former) (NNP U.S.) (NN attorney)) (VP (VBZ has) (VP (VBN ended) (NP (NN speculation)) (PP (IN about) (NP (PRP$ his) (JJ future) (JJ political) (NNS plans))) (S (VP (VBG saying) (SBAR (S (NP (PRP he)) (VP (VBD got) (NP (PRP$ his) (NN eye)) (PP (IN on) (NP (NP (DT the) (NN governor) (POS 's)) (NN race))) (PP (RB not) (NP (NNP Attorney) (NNP General) (NNP James) (NNP Shannon) (NN job)))))))))) (. .))),NONE,VP,VP,8.0
4,his,PP$,(ROOT (S (NP (DT The) (JJ former) (NNP U.S.) (NN attorney)) (VP (VBZ has) (VP (VBN ended) (NP (NN speculation)) (PP (IN about) (NP (PRP$ his) (JJ future) (JJ political) (NNS plans))) (S (VP (VBG saying) (SBAR (S (NP (PRP he)) (VP (VBD got) (NP (PRP$ his) (NN eye)) (PP (IN on) (NP (NP (DT the) (NN governor) (POS 's)) (NN race))) (PP (RB not) (NP (NNP Attorney) (NNP General) (NNP James) (NNP Shannon) (NN job)))))))))) (. .))),NONE,NP,VP,3.0
4,eye,NN,(ROOT (S (NP (DT The) (JJ former) (NNP U.S.) (NN attorney)) (VP (VBZ has) (VP (VBN ended) (NP (NN speculation)) (PP (IN about) (NP (PRP$ his) (JJ future) (JJ political) (NNS plans))) (S (VP (VBG saying) (SBAR (S (NP (PRP he)) (VP (VBD got) (NP (PRP$ his) (NN eye)) (PP (IN on) (NP (NP (DT the) (NN governor) (POS 's)) (NN race))) (PP (RB not) (NP (NNP Attorney) (NNP General) (NNP James) (NNP Shannon) (NN job)))))))))) (. .))),NONE,NONE,NP,2.0
4,on,IN,(ROOT (S (NP (DT The) (JJ former) (NNP U.S.) (NN attorney)) (VP (VBZ has) (VP (VBN ended) (NP (NN speculation)) (PP (IN about) (NP (PRP$ his) (JJ future) (JJ political) (NNS plans))) (S (VP (VBG saying) (SBAR (S (NP (PRP he)) (VP (VBD got) (NP (PRP$ his) (NN eye)) (PP (IN on) (NP (NP (DT the) (NN governor) (POS 's)) (NN race))) (PP (RB not) (NP (NNP Attorney) (NNP General) (NNP James) (NNP Shannon) (NN job)))))))))) (. .))),NP,PP,VP,4.0
4,the,DT,(ROOT (S (NP (DT The) (JJ former) (NNP U.S.) (NN attorney)) (VP (VBZ has) (VP (VBN ended) (NP (NN speculation)) (PP (IN about) (NP (PRP$ his) (JJ future) (JJ political) (NNS plans))) (S (VP (VBG saying) (SBAR (S (NP (PRP he)) (VP (VBD got) (NP (PRP$ his) (NN eye)) (PP (IN on) (NP (NP (DT the) (NN governor) (POS 's)) (NN race))) (PP (RB not) (NP (NNP Attorney) (NNP General) (NNP James) (NNP Shannon) (NN job)))))))))) (. .))),NONE,NP,PP,4.0
4,governor's,NN/POS,(ROOT (S (NP (DT The) (JJ former) (NNP U.S.) (NN attorney)) (VP (VBZ has) (VP (VBN ended) (NP (NN speculation)) (PP (IN about) (NP (PRP$ his) (JJ future) (JJ political) (NNS plans))) (S (VP (VBG saying) (SBAR (S (NP (PRP he)) (VP (VBD got) (NP (PRP$ his) (NN eye)) (PP (IN on) (NP (NP (DT the) (NN governor) (POS 's)) (NN race))) (PP (RB not) (NP (NNP Attorney) (NNP General) (NNP James) (NNP Shannon) (NN job)))))))))) (. .))),NONE,NONE,NP,2.0
4,race,NN,(ROOT (S (NP (DT The) (JJ former) (NNP U.S.) (NN attorney)) (VP (VBZ has) (VP (VBN ended) (NP (NN speculation)) (PP (IN about) (NP (PRP$ his) (JJ future) (JJ political) (NNS plans))) (S (VP (VBG saying) (SBAR (S (NP (PRP he)) (VP (VBD got) (NP (PRP$ his) (NN eye)) (PP (IN on) (NP (NP (DT the) (NN governor) (POS 's)) (NN race))) (PP (RB not) (NP (NNP Attorney) (NNP General) (NNP James) (NNP Shannon) (NN job)))))))))) (. .))),NP,NONE,NP,3.0
4,not,RB,(ROOT (S (NP (DT The) (JJ former) (NNP U.S.) (NN attorney)) (VP (VBZ has) (VP (VBN ended) (NP (NN speculation)) (PP (IN about) (NP (PRP$ his) (JJ future) (JJ political) (NNS plans))) (S (VP (VBG saying) (SBAR (S (NP (PRP he)) (VP (VBD got) (NP (PRP$ his) (NN eye)) (PP (IN on) (NP (NP (DT the) (NN governor) (POS 's)) (NN race))) (PP (RB not) (NP (NNP Attorney) (NNP General) (NNP James) (NNP Shannon) (NN job)))))))))) (. .))),PP,PP,VP,5.0
4,attorney,NP,(ROOT (S (NP (DT The) (JJ former) (NNP U.S.) (NN attorney)) (VP (VBZ has) (VP (VBN ended) (NP (NN speculation)) (PP (IN about) (NP (PRP$ his) (JJ future) (JJ political) (NNS plans))) (S (VP (VBG saying) (SBAR (S (NP (PRP he)) (VP (VBD got) (NP (PRP$ his) (NN eye)) (PP (IN on) (NP (NP (DT the) (NN governor) (POS 's)) (NN race))) (PP (RB not) (NP (NNP Attorney) (NNP General) (NNP James) (NNP Shannon) (NN job)))))))))) (. .))),NONE,NP,PP,3.0
4,General,NP,(ROOT (S (NP (DT The) (JJ former) (NNP U.S.) (NN attorney)) (VP (VBZ has) (VP (VBN ended) (NP (NN speculation)) (PP (IN about) (NP (PRP$ his) (JJ future) (JJ political) (NNS plans))) (S (VP (VBG saying) (SBAR (S (NP (PRP he)) (VP (VBD got) (NP (PRP$ his) (NN eye)) (PP (IN on) (NP (NP (DT the) (NN governor) (POS 's)) (NN race))) (PP (RB not) (NP (NNP Attorney) (NNP General) (NNP James) (NNP Shannon) (NN job)))))))))) (. .))),NONE,NONE,NP,2.0
4,James,NP,(ROOT (S (NP (DT The) (JJ former) (NNP U.S.) (NN attorney)) (VP (VBZ has) (VP (VBN ended) (NP (NN speculation)) (PP (IN about) (NP (PRP$ his) (JJ future) (JJ political) (NNS plans))) (S (VP (VBG saying) (SBAR (S (NP (PRP he)) (VP (VBD got) (NP (PRP$ his) (NN eye)) (PP (IN on) (NP (NP (DT the) (NN governor) (POS 's)) (NN race))) (PP (RB not) (NP (NNP Attorney) (NNP General) (NNP James) (NNP Shannon) (NN job)))))))))) (. .))),NONE,NONE,NP,2.0
4,Shannon,NP,(ROOT (S (NP (DT The) (JJ former) (NNP U.S.) (NN attorney)) (VP (VBZ has) (VP (VBN ended) (NP (NN speculation)) (PP (IN about) (NP (PRP$ his) (JJ future) (JJ political) (NNS plans))) (S (VP (VBG saying) (SBAR (S (NP (PRP he)) (VP (VBD got) (NP (PRP$ his) (NN eye)) (PP (IN on) (NP (NP (DT the) (NN governor) (POS 's)) (NN race))) (PP (RB not) (NP (NNP Attorney) (NNP General) (NNP James) (NNP Shannon) (NN job)))))))))) (. .))),NONE,NONE,NP,2.0
4,job,NN,(ROOT (S (NP (DT The) (JJ former) (NNP U.S.) (NN attorney)) (VP (VBZ has) (VP (VBN ended) (NP (NN speculation)) (PP (IN about) (NP (PRP$ his) (JJ future) (JJ political) (NNS plans))) (S (VP (VBG saying) (SBAR (S (NP (PRP he)) (VP (VBD got) (NP (PRP$ his) (NN eye)) (PP (IN on) (NP (NP (DT the) (NN governor) (POS 's)) (NN race))) (PP (RB not) (NP (NNP Attorney) (NNP General) (NNP James) (NNP Shannon) (NN job)))))))))) (. .))),NONE,NONE,NP,2.0
